[
  {
    "id": 1,
    "path": "D:\\shixi\\emotion_evaluate\\emotion_data\\audio\\angry\\Elderly0011S0005W0133.wav",
    "emotion": "angry",
    "result": null,
    "error": "BaseEventLoop.create_connection() got an unexpected keyword argument 'extra_headers'",
    "stream_duration_ms": -1
  },
  {
    "id": 2,
    "path": "D:\\shixi\\emotion_evaluate\\emotion_data\\audio\\angry\\Elderly0011S0005W0150.wav",
    "emotion": "angry",
    "result": null,
    "error": "BaseEventLoop.create_connection() got an unexpected keyword argument 'extra_headers'",
    "stream_duration_ms": -1
  },
  {
    "id": 3,
    "path": "D:\\shixi\\emotion_evaluate\\emotion_data\\audio\\angry\\Elderly0015S0104W0277.wav",
    "emotion": "angry",
    "result": null,
    "error": "BaseEventLoop.create_connection() got an unexpected keyword argument 'extra_headers'",
    "stream_duration_ms": -1
  },
  {
    "id": 4,
    "path": "D:\\shixi\\emotion_evaluate\\emotion_data\\audio\\angry\\Elderly0029S0043W0021.wav",
    "emotion": "angry",
    "result": null,
    "error": "BaseEventLoop.create_connection() got an unexpected keyword argument 'extra_headers'",
    "stream_duration_ms": -1
  },
  {
    "id": 5,
    "path": "D:\\shixi\\emotion_evaluate\\emotion_data\\audio\\angry\\Elderly0031S0055W0022.wav",
    "emotion": "angry",
    "result": null,
    "error": "BaseEventLoop.create_connection() got an unexpected keyword argument 'extra_headers'",
    "stream_duration_ms": -1
  },
  {
    "id": 6,
    "path": "D:\\shixi\\emotion_evaluate\\emotion_data\\audio\\angry\\Elderly0036S0105W0027.wav",
    "emotion": "angry",
    "result": null,
    "error": "BaseEventLoop.create_connection() got an unexpected keyword argument 'extra_headers'",
    "stream_duration_ms": -1
  },
  {
    "id": 7,
    "path": "D:\\shixi\\emotion_evaluate\\emotion_data\\audio\\angry\\Elderly0036S0105W0109.wav",
    "emotion": "angry",
    "result": null,
    "error": "BaseEventLoop.create_connection() got an unexpected keyword argument 'extra_headers'",
    "stream_duration_ms": -1
  },
  {
    "id": 8,
    "path": "D:\\shixi\\emotion_evaluate\\emotion_data\\audio\\angry\\Elderly0104S0052W0024.wav",
    "emotion": "angry",
    "result": null,
    "error": "BaseEventLoop.create_connection() got an unexpected keyword argument 'extra_headers'",
    "stream_duration_ms": -1
  },
  {
    "id": 9,
    "path": "D:\\shixi\\emotion_evaluate\\emotion_data\\audio\\happy\\Elderly0026S0034W0112.wav",
    "emotion": "happy",
    "result": null,
    "error": "BaseEventLoop.create_connection() got an unexpected keyword argument 'extra_headers'",
    "stream_duration_ms": -1
  },
  {
    "id": 10,
    "path": "D:\\shixi\\emotion_evaluate\\emotion_data\\audio\\happy\\Elderly0026S0034W0288.wav",
    "emotion": "happy",
    "result": null,
    "error": "BaseEventLoop.create_connection() got an unexpected keyword argument 'extra_headers'",
    "stream_duration_ms": -1
  },
  {
    "id": 11,
    "path": "D:\\shixi\\emotion_evaluate\\emotion_data\\audio\\happy\\Elderly0029S0043W0036.wav",
    "emotion": "happy",
    "result": null,
    "error": "BaseEventLoop.create_connection() got an unexpected keyword argument 'extra_headers'",
    "stream_duration_ms": -1
  },
  {
    "id": 12,
    "path": "D:\\shixi\\emotion_evaluate\\emotion_data\\audio\\happy\\Elderly0122S0001W0003.wav",
    "emotion": "happy",
    "result": null,
    "error": "BaseEventLoop.create_connection() got an unexpected keyword argument 'extra_headers'",
    "stream_duration_ms": -1
  },
  {
    "id": 13,
    "path": "D:\\shixi\\emotion_evaluate\\emotion_data\\audio\\happy\\Elderly0125S0049W0122.wav",
    "emotion": "happy",
    "result": null,
    "error": "BaseEventLoop.create_connection() got an unexpected keyword argument 'extra_headers'",
    "stream_duration_ms": -1
  },
  {
    "id": 14,
    "path": "D:\\shixi\\emotion_evaluate\\emotion_data\\audio\\happy\\Elderly0125S0049W0251.wav",
    "emotion": "happy",
    "result": null,
    "error": "BaseEventLoop.create_connection() got an unexpected keyword argument 'extra_headers'",
    "stream_duration_ms": -1
  },
  {
    "id": 15,
    "path": "D:\\shixi\\emotion_evaluate\\emotion_data\\audio\\happy\\Elderly0125S0049W0836.wav",
    "emotion": "happy",
    "result": null,
    "error": "BaseEventLoop.create_connection() got an unexpected keyword argument 'extra_headers'",
    "stream_duration_ms": -1
  },
  {
    "id": 16,
    "path": "D:\\shixi\\emotion_evaluate\\emotion_data\\audio\\happy\\Elderly0126S0053W0071.wav",
    "emotion": "happy",
    "result": null,
    "error": "BaseEventLoop.create_connection() got an unexpected keyword argument 'extra_headers'",
    "stream_duration_ms": -1
  },
  {
    "id": 17,
    "path": "D:\\shixi\\emotion_evaluate\\emotion_data\\audio\\happy\\Elderly0126S0053W0220.wav",
    "emotion": "happy",
    "result": null,
    "error": "BaseEventLoop.create_connection() got an unexpected keyword argument 'extra_headers'",
    "stream_duration_ms": -1
  },
  {
    "id": 18,
    "path": "D:\\shixi\\emotion_evaluate\\emotion_data\\audio\\sad\\Elderly0036S0105W0010.wav",
    "emotion": "sad",
    "result": null,
    "error": "BaseEventLoop.create_connection() got an unexpected keyword argument 'extra_headers'",
    "stream_duration_ms": -1
  },
  {
    "id": 19,
    "path": "D:\\shixi\\emotion_evaluate\\emotion_data\\audio\\sad\\Elderly0036S0105W0018.wav",
    "emotion": "sad",
    "result": null,
    "error": "BaseEventLoop.create_connection() got an unexpected keyword argument 'extra_headers'",
    "stream_duration_ms": -1
  },
  {
    "id": 20,
    "path": "D:\\shixi\\emotion_evaluate\\emotion_data\\audio\\sad\\Elderly0036S0105W0036.wav",
    "emotion": "sad",
    "result": null,
    "error": "BaseEventLoop.create_connection() got an unexpected keyword argument 'extra_headers'",
    "stream_duration_ms": -1
  },
  {
    "id": 21,
    "path": "D:\\shixi\\emotion_evaluate\\emotion_data\\audio\\sad\\Elderly0036S0105W0049.wav",
    "emotion": "sad",
    "result": null,
    "error": "BaseEventLoop.create_connection() got an unexpected keyword argument 'extra_headers'",
    "stream_duration_ms": -1
  },
  {
    "id": 22,
    "path": "D:\\shixi\\emotion_evaluate\\emotion_data\\audio\\sad\\Elderly0036S0105W0163.wav",
    "emotion": "sad",
    "result": null,
    "error": "BaseEventLoop.create_connection() got an unexpected keyword argument 'extra_headers'",
    "stream_duration_ms": -1
  },
  {
    "id": 23,
    "path": "D:\\shixi\\emotion_evaluate\\emotion_data\\audio\\sad\\Elderly0036S0105W0357.wav",
    "emotion": "sad",
    "result": null,
    "error": "BaseEventLoop.create_connection() got an unexpected keyword argument 'extra_headers'",
    "stream_duration_ms": -1
  },
  {
    "id": 24,
    "path": "D:\\shixi\\emotion_evaluate\\emotion_data\\audio\\sad\\Elderly0039S0115W0008.wav",
    "emotion": "sad",
    "result": null,
    "error": "BaseEventLoop.create_connection() got an unexpected keyword argument 'extra_headers'",
    "stream_duration_ms": -1
  },
  {
    "id": 25,
    "path": "D:\\shixi\\emotion_evaluate\\emotion_data\\audio\\sad\\Elderly0039S0115W0094.wav",
    "emotion": "sad",
    "result": null,
    "error": "BaseEventLoop.create_connection() got an unexpected keyword argument 'extra_headers'",
    "stream_duration_ms": -1
  },
  {
    "id": 26,
    "path": "D:\\shixi\\emotion_evaluate\\emotion_data\\audio\\sad\\Elderly0039S0115W0182.wav",
    "emotion": "sad",
    "result": null,
    "error": "BaseEventLoop.create_connection() got an unexpected keyword argument 'extra_headers'",
    "stream_duration_ms": -1
  },
  {
    "id": 27,
    "path": "D:\\shixi\\emotion_evaluate\\emotion_data\\audio\\sad\\Elderly0040S0118W0078.wav",
    "emotion": "sad",
    "result": null,
    "error": "BaseEventLoop.create_connection() got an unexpected keyword argument 'extra_headers'",
    "stream_duration_ms": -1
  },
  {
    "id": 28,
    "path": "D:\\shixi\\emotion_evaluate\\emotion_data\\audio\\sad\\Elderly0104S0051W0018.wav",
    "emotion": "sad",
    "result": null,
    "error": "BaseEventLoop.create_connection() got an unexpected keyword argument 'extra_headers'",
    "stream_duration_ms": -1
  },
  {
    "id": 29,
    "path": "D:\\shixi\\emotion_evaluate\\emotion_data\\audio\\sad\\Elderly0104S0051W0498.wav",
    "emotion": "sad",
    "result": null,
    "error": "BaseEventLoop.create_connection() got an unexpected keyword argument 'extra_headers'",
    "stream_duration_ms": -1
  },
  {
    "id": 30,
    "path": "D:\\shixi\\emotion_evaluate\\emotion_data\\audio\\sad\\Elderly0104S0051W0522.wav",
    "emotion": "sad",
    "result": null,
    "error": "BaseEventLoop.create_connection() got an unexpected keyword argument 'extra_headers'",
    "stream_duration_ms": -1
  },
  {
    "id": 31,
    "path": "D:\\shixi\\emotion_evaluate\\emotion_data\\audio\\sad\\Elderly0104S0052W0265.wav",
    "emotion": "sad",
    "result": null,
    "error": "BaseEventLoop.create_connection() got an unexpected keyword argument 'extra_headers'",
    "stream_duration_ms": -1
  },
  {
    "id": 32,
    "path": "D:\\shixi\\emotion_evaluate\\emotion_data\\audio\\sad\\Elderly0104S0052W0325.wav",
    "emotion": "sad",
    "result": null,
    "error": "BaseEventLoop.create_connection() got an unexpected keyword argument 'extra_headers'",
    "stream_duration_ms": -1
  },
  {
    "id": 33,
    "path": "D:\\shixi\\emotion_evaluate\\emotion_data\\audio\\sad\\Elderly0106S0113W0073.wav",
    "emotion": "sad",
    "result": null,
    "error": "BaseEventLoop.create_connection() got an unexpected keyword argument 'extra_headers'",
    "stream_duration_ms": -1
  },
  {
    "id": 34,
    "path": "D:\\shixi\\emotion_evaluate\\emotion_data\\audio\\sad\\Elderly0125S0049W0127.wav",
    "emotion": "sad",
    "result": null,
    "error": "BaseEventLoop.create_connection() got an unexpected keyword argument 'extra_headers'",
    "stream_duration_ms": -1
  },
  {
    "id": 35,
    "path": "D:\\shixi\\emotion_evaluate\\emotion_data\\audio\\neutral\\Elderly0015S0104W0001.wav",
    "emotion": "neutral",
    "result": null,
    "error": "BaseEventLoop.create_connection() got an unexpected keyword argument 'extra_headers'",
    "stream_duration_ms": -1
  },
  {
    "id": 36,
    "path": "D:\\shixi\\emotion_evaluate\\emotion_data\\audio\\neutral\\Elderly0026S0034W0002.wav",
    "emotion": "neutral",
    "result": null,
    "error": "BaseEventLoop.create_connection() got an unexpected keyword argument 'extra_headers'",
    "stream_duration_ms": -1
  },
  {
    "id": 37,
    "path": "D:\\shixi\\emotion_evaluate\\emotion_data\\audio\\neutral\\Elderly0026S0034W0019.wav",
    "emotion": "neutral",
    "result": null,
    "error": "BaseEventLoop.create_connection() got an unexpected keyword argument 'extra_headers'",
    "stream_duration_ms": -1
  },
  {
    "id": 38,
    "path": "D:\\shixi\\emotion_evaluate\\emotion_data\\audio\\neutral\\Elderly0026S0034W0154.wav",
    "emotion": "neutral",
    "result": null,
    "error": "BaseEventLoop.create_connection() got an unexpected keyword argument 'extra_headers'",
    "stream_duration_ms": -1
  },
  {
    "id": 39,
    "path": "D:\\shixi\\emotion_evaluate\\emotion_data\\audio\\neutral\\Elderly0031S0055W0117.wav",
    "emotion": "neutral",
    "result": null,
    "error": "BaseEventLoop.create_connection() got an unexpected keyword argument 'extra_headers'",
    "stream_duration_ms": -1
  },
  {
    "id": 40,
    "path": "D:\\shixi\\emotion_evaluate\\emotion_data\\audio\\neutral\\Elderly0033S0060W0242.wav",
    "emotion": "neutral",
    "result": null,
    "error": "BaseEventLoop.create_connection() got an unexpected keyword argument 'extra_headers'",
    "stream_duration_ms": -1
  },
  {
    "id": 41,
    "path": "D:\\shixi\\emotion_evaluate\\emotion_data\\audio\\neutral\\Elderly0034S0061W0166.wav",
    "emotion": "neutral",
    "result": null,
    "error": "BaseEventLoop.create_connection() got an unexpected keyword argument 'extra_headers'",
    "stream_duration_ms": -1
  },
  {
    "id": 42,
    "path": "D:\\shixi\\emotion_evaluate\\emotion_data\\audio\\neutral\\Elderly0036S0105W0006.wav",
    "emotion": "neutral",
    "result": null,
    "error": "BaseEventLoop.create_connection() got an unexpected keyword argument 'extra_headers'",
    "stream_duration_ms": -1
  },
  {
    "id": 43,
    "path": "D:\\shixi\\emotion_evaluate\\emotion_data\\audio\\neutral\\Elderly0037S0110W0001.wav",
    "emotion": "neutral",
    "result": null,
    "error": "BaseEventLoop.create_connection() got an unexpected keyword argument 'extra_headers'",
    "stream_duration_ms": -1
  },
  {
    "id": 44,
    "path": "D:\\shixi\\emotion_evaluate\\emotion_data\\audio\\neutral\\Elderly0039S0115W0110.wav",
    "emotion": "neutral",
    "result": null,
    "error": "BaseEventLoop.create_connection() got an unexpected keyword argument 'extra_headers'",
    "stream_duration_ms": -1
  },
  {
    "id": 45,
    "path": "D:\\shixi\\emotion_evaluate\\emotion_data\\audio\\neutral\\Elderly0039S0116W0123.wav",
    "emotion": "neutral",
    "result": null,
    "error": "BaseEventLoop.create_connection() got an unexpected keyword argument 'extra_headers'",
    "stream_duration_ms": -1
  },
  {
    "id": 46,
    "path": "D:\\shixi\\emotion_evaluate\\emotion_data\\audio\\neutral\\Elderly0040S0118W0369.wav",
    "emotion": "neutral",
    "result": null,
    "error": "BaseEventLoop.create_connection() got an unexpected keyword argument 'extra_headers'",
    "stream_duration_ms": -1
  },
  {
    "id": 47,
    "path": "D:\\shixi\\emotion_evaluate\\emotion_data\\audio\\neutral\\Elderly0101S0003W0006.wav",
    "emotion": "neutral",
    "result": null,
    "error": "BaseEventLoop.create_connection() got an unexpected keyword argument 'extra_headers'",
    "stream_duration_ms": -1
  },
  {
    "id": 48,
    "path": "D:\\shixi\\emotion_evaluate\\emotion_data\\audio\\neutral\\Elderly0101S0003W0008.wav",
    "emotion": "neutral",
    "result": null,
    "error": "BaseEventLoop.create_connection() got an unexpected keyword argument 'extra_headers'",
    "stream_duration_ms": -1
  },
  {
    "id": 49,
    "path": "D:\\shixi\\emotion_evaluate\\emotion_data\\audio\\neutral\\Elderly0101S0003W0018.wav",
    "emotion": "neutral",
    "result": null,
    "error": "BaseEventLoop.create_connection() got an unexpected keyword argument 'extra_headers'",
    "stream_duration_ms": -1
  },
  {
    "id": 50,
    "path": "D:\\shixi\\emotion_evaluate\\emotion_data\\audio\\neutral\\Elderly0101S0003W0059.wav",
    "emotion": "neutral",
    "result": null,
    "error": "BaseEventLoop.create_connection() got an unexpected keyword argument 'extra_headers'",
    "stream_duration_ms": -1
  },
  {
    "id": 51,
    "path": "D:\\shixi\\emotion_evaluate\\emotion_data\\audio\\neutral\\Elderly0101S0003W0109.wav",
    "emotion": "neutral",
    "result": null,
    "error": "BaseEventLoop.create_connection() got an unexpected keyword argument 'extra_headers'",
    "stream_duration_ms": -1
  },
  {
    "id": 52,
    "path": "D:\\shixi\\emotion_evaluate\\emotion_data\\audio\\neutral\\Elderly0104S0051W0257.wav",
    "emotion": "neutral",
    "result": null,
    "error": "BaseEventLoop.create_connection() got an unexpected keyword argument 'extra_headers'",
    "stream_duration_ms": -1
  },
  {
    "id": 53,
    "path": "D:\\shixi\\emotion_evaluate\\emotion_data\\audio\\neutral\\Elderly0104S0051W0284.wav",
    "emotion": "neutral",
    "result": null,
    "error": "BaseEventLoop.create_connection() got an unexpected keyword argument 'extra_headers'",
    "stream_duration_ms": -1
  },
  {
    "id": 54,
    "path": "D:\\shixi\\emotion_evaluate\\emotion_data\\audio\\neutral\\Elderly0104S0052W0423.wav",
    "emotion": "neutral",
    "result": null,
    "error": "BaseEventLoop.create_connection() got an unexpected keyword argument 'extra_headers'",
    "stream_duration_ms": -1
  },
  {
    "id": 55,
    "path": "D:\\shixi\\emotion_evaluate\\emotion_data\\audio\\neutral\\Elderly0106S0114W0032.wav",
    "emotion": "neutral",
    "result": null,
    "error": "BaseEventLoop.create_connection() got an unexpected keyword argument 'extra_headers'",
    "stream_duration_ms": -1
  },
  {
    "id": 56,
    "path": "D:\\shixi\\emotion_evaluate\\emotion_data\\audio\\neutral\\Elderly0106S0114W0112.wav",
    "emotion": "neutral",
    "result": null,
    "error": "BaseEventLoop.create_connection() got an unexpected keyword argument 'extra_headers'",
    "stream_duration_ms": -1
  },
  {
    "id": 57,
    "path": "D:\\shixi\\emotion_evaluate\\emotion_data\\audio\\neutral\\Elderly0122S0001W0031.wav",
    "emotion": "neutral",
    "result": null,
    "error": "BaseEventLoop.create_connection() got an unexpected keyword argument 'extra_headers'",
    "stream_duration_ms": -1
  },
  {
    "id": 58,
    "path": "D:\\shixi\\emotion_evaluate\\emotion_data\\audio\\neutral\\Elderly0126S0053W0181.wav",
    "emotion": "neutral",
    "result": null,
    "error": "BaseEventLoop.create_connection() got an unexpected keyword argument 'extra_headers'",
    "stream_duration_ms": -1
  },
  {
    "id": 59,
    "path": "D:\\shixi\\emotion_evaluate\\emotion_data\\audio\\neutral\\Elderly0126S0053W0424.wav",
    "emotion": "neutral",
    "result": null,
    "error": "BaseEventLoop.create_connection() got an unexpected keyword argument 'extra_headers'",
    "stream_duration_ms": -1
  },
  {
    "id": 60,
    "path": "D:\\shixi\\emotion_evaluate\\emotion_data\\audio\\neutral\\Elderly0126S0054W0092.wav",
    "emotion": "neutral",
    "result": null,
    "error": "BaseEventLoop.create_connection() got an unexpected keyword argument 'extra_headers'",
    "stream_duration_ms": -1
  },
  {
    "id": 61,
    "path": "D:\\shixi\\emotion_evaluate\\emotion_data\\audio\\neutral\\Elderly0126S0054W0192.wav",
    "emotion": "neutral",
    "result": null,
    "error": "BaseEventLoop.create_connection() got an unexpected keyword argument 'extra_headers'",
    "stream_duration_ms": -1
  },
  {
    "id": 62,
    "path": "D:\\shixi\\emotion_evaluate\\emotion_data\\audio\\neutral\\Elderly0126S0054W0193.wav",
    "emotion": "neutral",
    "result": null,
    "error": "BaseEventLoop.create_connection() got an unexpected keyword argument 'extra_headers'",
    "stream_duration_ms": -1
  },
  {
    "id": 63,
    "path": "D:\\shixi\\emotion_evaluate\\emotion_data\\audio\\neutral\\Elderly0126S0054W0280.wav",
    "emotion": "neutral",
    "result": null,
    "error": "BaseEventLoop.create_connection() got an unexpected keyword argument 'extra_headers'",
    "stream_duration_ms": -1
  },
  {
    "id": 64,
    "path": "D:\\shixi\\emotion_evaluate\\emotion_data\\audio\\neutral\\Elderly0126S0054W0299.wav",
    "emotion": "neutral",
    "result": null,
    "error": "BaseEventLoop.create_connection() got an unexpected keyword argument 'extra_headers'",
    "stream_duration_ms": -1
  },
  {
    "id": 65,
    "path": "D:\\shixi\\emotion_evaluate\\emotion_data\\audio\\neutral\\Elderly0126S0054W0326.wav",
    "emotion": "neutral",
    "result": null,
    "error": "BaseEventLoop.create_connection() got an unexpected keyword argument 'extra_headers'",
    "stream_duration_ms": -1
  },
  {
    "id": 66,
    "path": "D:\\shixi\\emotion_evaluate\\emotion_data\\audio\\neutral\\Elderly0130S0076W0013.wav",
    "emotion": "neutral",
    "result": null,
    "error": "BaseEventLoop.create_connection() got an unexpected keyword argument 'extra_headers'",
    "stream_duration_ms": -1
  }
]